0.000000000000000000e+00,1.012500238779926676e+00
5.005005005005004962e-03,9.256405906282069163e-01
1.001001001001000992e-02,9.032796788515151665e-01
1.501501501501501488e-02,8.951346964145788787e-01
2.002002002002001985e-02,8.711298358205890047e-01
2.502502502502502307e-02,6.513443069382802708e-01
3.003003003003002977e-02,6.058671187080584275e-01
3.503503503503503647e-02,4.705088156325795690e-01
4.004004004004003969e-02,2.933991084294726992e-01
4.504504504504504292e-02,1.402339570100040456e-01
5.005005005005004615e-02,-9.817857630266528524e-02
5.505505505505505631e-02,-1.746664740008961880e-01
6.006006006006005954e-02,-2.026339576012798904e-01
6.506506506506506970e-02,-4.040042887380694836e-01
7.007007007007007293e-02,-5.726633784488157630e-01
7.507507507507507616e-02,-6.722645265569918704e-01
8.008008008008007939e-02,-7.573452146430513787e-01
8.508508508508508261e-02,-7.415804462862378710e-01
9.009009009009008584e-02,-8.919833623963149272e-01
9.509509509509508907e-02,-9.388248942391417273e-01
1.001001001001000923e-01,-9.515884189228885903e-01
1.051051051051051094e-01,-8.491853552890522572e-01
1.101101101101101126e-01,-8.184569841724679273e-01
1.151151151151151159e-01,-8.409773258791833905e-01
1.201201201201201191e-01,-7.380149674110884073e-01
1.251251251251251362e-01,-7.027515941927785503e-01
1.301301301301301394e-01,-6.278034671514844955e-01
1.351351351351351426e-01,-4.463289874221430531e-01
1.401401401401401459e-01,-2.529779090293042820e-01
1.451451451451451491e-01,-1.017519410908309385e-01
1.501501501501501523e-01,1.674824984371421285e-02
1.551551551551551555e-01,1.652453014541169496e-01
1.601601601601601588e-01,3.050500286517440762e-01
1.651651651651651620e-01,4.548730281052146829e-01
1.701701701701701652e-01,5.431814097460964108e-01
1.751751751751751685e-01,6.936428170988371278e-01
1.801801801801801717e-01,7.621395623631872507e-01
1.851851851851851749e-01,7.468230439151787303e-01
1.901901901901901781e-01,8.866785680638268330e-01
1.951951951951951814e-01,9.488395175124707537e-01
2.002002002002001846e-01,8.932766278155853668e-01
2.052052052052052156e-01,9.055254738788609536e-01
2.102102102102102188e-01,7.713118270859894432e-01
2.152152152152152220e-01,8.030665373697953857e-01
2.202202202202202252e-01,7.484169836300677003e-01
2.252252252252252285e-01,6.247087444992610594e-01
2.302302302302302317e-01,4.252562466336829994e-01
2.352352352352352349e-01,3.269475909798446045e-01
2.402402402402402382e-01,3.254824852000309798e-01
2.452452452452452414e-01,1.174953043877821068e-01
2.502502502502502724e-01,-1.188266286170499078e-02
2.552552552552552756e-01,-1.116232031689584348e-01
2.602602602602602788e-01,-2.527565892793055546e-01
2.652652652652652820e-01,-4.665449837849354187e-01
2.702702702702702853e-01,-5.616703587611588944e-01
2.752752752752752885e-01,-6.251349669790057240e-01
2.802802802802802917e-01,-7.770953133565641213e-01
2.852852852852852950e-01,-7.904843199868033521e-01
2.902902902902902982e-01,-8.523766450825656094e-01
2.952952952952953014e-01,-8.403709638993218656e-01
3.003003003003003046e-01,-7.993072024398800712e-01
3.053053053053053079e-01,-9.132408132151333957e-01
3.103103103103103111e-01,-8.419706827474955357e-01
3.153153153153153143e-01,-7.291137319355831536e-01
3.203203203203203175e-01,-5.798279819931724255e-01
3.253253253253253208e-01,-6.217185989619573583e-01
3.303303303303303240e-01,-5.513650685444633215e-01
3.353353353353353272e-01,-3.614098536026916220e-01
3.403403403403403304e-01,-2.327457284845595997e-01
3.453453453453453337e-01,-1.684670192077489248e-01
3.503503503503503369e-01,3.060212785611723940e-02
3.553553553553553401e-01,8.286034457010729715e-02
3.603603603603603434e-01,2.707525259322735023e-01
3.653653653653653466e-01,4.160875018645275314e-01
3.703703703703703498e-01,5.613747130161792498e-01
3.753753753753753530e-01,6.163987285901001423e-01
3.803803803803803563e-01,7.843977787811505786e-01
3.853853853853853595e-01,6.878937871960474348e-01
3.903903903903903627e-01,8.533267739885230796e-01
3.953953953953953659e-01,8.826194706898840003e-01
4.004004004004003692e-01,8.380808219775666146e-01
4.054054054054054279e-01,7.762270922105055648e-01
4.104104104104104311e-01,7.548068064856020554e-01
4.154154154154154344e-01,6.601530590657485043e-01
4.204204204204204376e-01,5.622969083409545821e-01
4.254254254254254408e-01,6.028500009610086030e-01
4.304304304304304440e-01,5.007357556307698854e-01
4.354354354354354473e-01,3.775387616810544356e-01
4.404404404404404505e-01,2.584326229061869040e-01
4.454454454454454537e-01,1.216153373625913775e-01
4.504504504504504570e-01,7.955967617686851567e-02
4.554554554554554602e-01,-1.237871999059802358e-01
4.604604604604604634e-01,-2.337899764936520186e-01
4.654654654654654666e-01,-3.551433681875629800e-01
4.704704704704704699e-01,-5.559143400444097605e-01
4.754754754754754731e-01,-5.307104905258784866e-01
4.804804804804804763e-01,-6.331643082265687728e-01
4.854854854854854795e-01,-6.806324503383744950e-01
4.904904904904904828e-01,-7.485672653584094505e-01
4.954954954954954860e-01,-7.998883322964773779e-01
5.005005005005005447e-01,-7.133234685806523201e-01
5.055055055055055480e-01,-7.750159783141841174e-01
5.105105105105105512e-01,-7.735593663766358041e-01
5.155155155155155544e-01,-6.752884092630702106e-01
5.205205205205205576e-01,-6.598924000676200663e-01
5.255255255255255609e-01,-5.594100534683380532e-01
5.305305305305305641e-01,-3.409308841113882216e-01
5.355355355355355673e-01,-3.812786643060530611e-01
5.405405405405405705e-01,-2.368789959773751064e-01
5.455455455455455738e-01,-8.398909181575550664e-02
5.505505505505505770e-01,-3.812926950351765154e-02
5.555555555555555802e-01,9.946284935034654939e-02
5.605605605605605835e-01,2.356837636865809493e-01
5.655655655655655867e-01,3.812886916151385641e-01
5.705705705705705899e-01,4.444302648395915822e-01
5.755755755755755931e-01,5.827801985674221363e-01
5.805805805805805964e-01,5.659885971461399157e-01
5.855855855855855996e-01,7.353978462069774569e-01
5.905905905905906028e-01,6.378976251496899508e-01
5.955955955955956060e-01,7.721984363992836498e-01
6.006006006006006093e-01,7.563705278077490490e-01
6.056056056056056125e-01,6.793632276854877361e-01
6.106106106106106157e-01,5.756296083248584328e-01
6.156156156156156189e-01,6.837118979874630131e-01
6.206206206206206222e-01,6.256015383095870908e-01
6.256256256256256254e-01,5.308721534748236381e-01
6.306306306306306286e-01,4.202747847882032373e-01
6.356356356356356319e-01,3.118653124618077088e-01
6.406406406406406351e-01,1.554244612912575596e-01
6.456456456456456383e-01,1.382973468576457476e-01
6.506506506506506415e-01,-2.654448324016382699e-02
6.556556556556556448e-01,-1.643517626861396852e-01
6.606606606606606480e-01,-2.032965016034956607e-01
6.656656656656656512e-01,-3.704053202574313364e-01
6.706706706706706544e-01,-4.357147048982524251e-01
6.756756756756756577e-01,-4.730172583251412433e-01
6.806806806806806609e-01,-5.863211279259108455e-01
6.856856856856856641e-01,-5.847186457222272038e-01
6.906906906906906674e-01,-5.931686012999218827e-01
6.956956956956956706e-01,-6.487730154689265172e-01
7.007007007007006738e-01,-6.980511024683681010e-01
7.057057057057056770e-01,-6.809177884108283951e-01
7.107107107107106803e-01,-6.462480541413664348e-01
7.157157157157156835e-01,-6.181885205871641142e-01
7.207207207207206867e-01,-5.420364922029087262e-01
7.257257257257256899e-01,-5.367469685561269133e-01
7.307307307307306932e-01,-3.643077584098325938e-01
7.357357357357356964e-01,-2.883041246041628258e-01
7.407407407407406996e-01,-2.468954726957553747e-01
7.457457457457457028e-01,-1.001120486221049460e-01
7.507507507507507061e-01,5.225947092768679081e-02
7.557557557557557093e-01,7.221987763023912654e-02
7.607607607607607125e-01,2.549570798513470793e-01
7.657657657657657158e-01,3.079420046569796843e-01
7.707707707707707190e-01,3.452807941710078210e-01
7.757757757757757222e-01,5.090138532301636820e-01
7.807807807807807254e-01,5.731836744206716405e-01
7.857857857857857287e-01,6.531192976220676627e-01
7.907907907907907319e-01,6.835436926291116322e-01
7.957957957957957351e-01,6.655953293970414686e-01
8.008008008008007383e-01,6.723559087690558211e-01
8.058058058058058526e-01,7.207185442612389359e-01
8.108108108108108558e-01,5.806575982733263031e-01
8.158158158158158590e-01,6.524581001684559567e-01
8.208208208208208623e-01,4.776100835522619770e-01
8.258258258258258655e-01,4.684081269345067300e-01
8.308308308308308687e-01,4.192643116483440457e-01
8.358358358358358720e-01,3.201826175327531776e-01
8.408408408408408752e-01,1.842933820394061228e-01
8.458458458458458784e-01,6.422757298669606874e-02
8.508508508508508816e-01,-2.512706066412576447e-02
8.558558558558558849e-01,-1.712845670574053569e-01
8.608608608608608881e-01,-2.172506030250286602e-01
8.658658658658658913e-01,-3.531999172787934071e-01
8.708708708708708945e-01,-4.291760169259027369e-01
8.758758758758758978e-01,-4.616939540676579523e-01
8.808808808808809010e-01,-5.063787317665603416e-01
8.858858858858859042e-01,-6.082217306256220146e-01
8.908908908908909074e-01,-5.608270016066110308e-01
8.958958958958959107e-01,-6.291044104890913813e-01
9.009009009009009139e-01,-6.480996113827359739e-01
9.059059059059059171e-01,-5.878448820141980447e-01
9.109109109109109204e-01,-5.242807606940451670e-01
9.159159159159159236e-01,-6.000210163539971830e-01
9.209209209209209268e-01,-5.162451558310653388e-01
9.259259259259259300e-01,-3.400938547404498413e-01
9.309309309309309333e-01,-3.681055828577253775e-01
9.359359359359359365e-01,-2.884606548829407591e-01
9.409409409409409397e-01,-1.603600886059756980e-01
9.459459459459459429e-01,4.293830447601476585e-02
9.509509509509509462e-01,-4.527260370503018855e-03
9.559559559559559494e-01,6.491226935019288324e-02
9.609609609609609526e-01,1.326433836642643971e-01
9.659659659659659559e-01,3.005800209500829601e-01
9.709709709709709591e-01,4.755704285111708729e-01
9.759759759759759623e-01,4.669118382896765840e-01
9.809809809809809655e-01,4.890294844026092935e-01
9.859859859859859688e-01,6.370300762810723327e-01
9.909909909909909720e-01,4.952973085304419043e-01
9.959959959959959752e-01,5.369530597410008266e-01
1.001001001001001089e+00,6.340697756443268718e-01
1.006006006006006093e+00,5.507937620223907205e-01
1.011011011011011096e+00,6.262222342612998593e-01
1.016016016016016099e+00,5.255000985446783845e-01
1.021021021021021102e+00,5.313414354092939051e-01
1.026026026026026106e+00,3.894145196924524988e-01
1.031031031031031109e+00,4.326563471627558055e-01
1.036036036036036112e+00,3.034918043437775381e-01
1.041041041041041115e+00,1.892081802969064475e-01
1.046046046046046119e+00,5.408392128375651142e-02
1.051051051051051122e+00,-2.060693275123517271e-02
1.056056056056056125e+00,-9.953210590944223946e-02
1.061061061061061128e+00,-1.550576960011553762e-01
1.066066066066066131e+00,-2.085241741649550007e-01
1.071071071071071135e+00,-3.394407400231451710e-01
1.076076076076076138e+00,-4.914200552074431405e-01
1.081081081081081141e+00,-4.276517444856439143e-01
1.086086086086086144e+00,-5.040957456437754614e-01
1.091091091091091148e+00,-5.900805479003633502e-01
1.096096096096096151e+00,-5.167915105229132777e-01
1.101101101101101154e+00,-6.299486078668680156e-01
1.106106106106106157e+00,-5.913177201918400350e-01
1.111111111111111160e+00,-5.013433711135566462e-01
1.116116116116116164e+00,-4.322644191631365151e-01
1.121121121121121167e+00,-4.491985901044904250e-01
1.126126126126126170e+00,-3.934663413770244644e-01
1.131131131131131173e+00,-2.977369217495281495e-01
1.136136136136136177e+00,-2.545946663842114099e-01
1.141141141141141180e+00,-1.898822338522485331e-01
1.146146146146146183e+00,-1.525324807280079298e-01
1.151151151151151186e+00,-3.384138254572809090e-02
1.156156156156156189e+00,9.610423555457345279e-02
1.161161161161161193e+00,1.650723114103337941e-01
1.166166166166166196e+00,2.672035630787616967e-01
1.171171171171171199e+00,3.836249045249645606e-01
1.176176176176176202e+00,4.141647002386028564e-01
1.181181181181181206e+00,4.211402221804687596e-01
1.186186186186186209e+00,4.840358281869480694e-01
1.191191191191191212e+00,5.635112848617004344e-01
1.196196196196196215e+00,5.118501997582400875e-01
1.201201201201201219e+00,5.348922543575438393e-01
1.206206206206206222e+00,5.062168895660384971e-01
1.211211211211211225e+00,4.155704525358744350e-01
1.216216216216216228e+00,4.196586331710286943e-01
1.221221221221221231e+00,5.155956939568332453e-01
1.226226226226226235e+00,3.125421961654028524e-01
1.231231231231231238e+00,3.481938429360351694e-01
1.236236236236236241e+00,2.087309886288825911e-01
1.241241241241241244e+00,2.513191387502410890e-01
1.246246246246246248e+00,1.499398591105550460e-01
1.251251251251251251e+00,-6.179016453746696835e-02
1.256256256256256254e+00,-1.260960837383330591e-01
1.261261261261261257e+00,-1.998097904136539593e-01
1.266266266266266260e+00,-2.384406339317771129e-01
1.271271271271271264e+00,-3.654453991621349762e-01
1.276276276276276267e+00,-2.727000948059501995e-01
1.281281281281281270e+00,-3.904818729510706188e-01
1.286286286286286273e+00,-5.689708793704592038e-01
1.291291291291291277e+00,-5.003278629691506607e-01
1.296296296296296280e+00,-6.149654949690462891e-01
1.301301301301301283e+00,-5.024254219277464184e-01
1.306306306306306286e+00,-5.252079035718936195e-01
1.311311311311311290e+00,-4.236703042532458108e-01
1.316316316316316293e+00,-4.926679894870883425e-01
1.321321321321321296e+00,-3.442703166157017325e-01
1.326326326326326299e+00,-3.820620403387923747e-01
1.331331331331331302e+00,-3.434998412312242899e-01
1.336336336336336306e+00,-2.456118654472462803e-01
1.341341341341341309e+00,-1.335539954494294468e-01
1.346346346346346312e+00,-9.417512825111258590e-02
1.351351351351351315e+00,9.147485508255231990e-02
1.356356356356356319e+00,1.384173354642952991e-01
1.361361361361361322e+00,1.736234090019562470e-01
1.366366366366366325e+00,3.364651833732252295e-01
1.371371371371371328e+00,3.019507511824712220e-01
1.376376376376376331e+00,3.297785815635198570e-01
1.381381381381381335e+00,4.287982413383719105e-01
1.386386386386386338e+00,4.733226808843307154e-01
1.391391391391391341e+00,4.805805565051285422e-01
1.396396396396396344e+00,4.638262414353432339e-01
1.401401401401401348e+00,5.874577288079060322e-01
1.406406406406406351e+00,4.208368633803405423e-01
1.411411411411411354e+00,5.362032438356809649e-01
1.416416416416416357e+00,4.479150591646406943e-01
1.421421421421421361e+00,3.865043710443855085e-01
1.426426426426426364e+00,3.173021920858885014e-01
1.431431431431431367e+00,3.118992417661134442e-01
1.436436436436436370e+00,1.139425090054657225e-01
1.441441441441441373e+00,1.039876647333353998e-01
1.446446446446446377e+00,2.395024945015556891e-02
1.451451451451451380e+00,-1.404078609555829520e-02
1.456456456456456383e+00,-1.081335390735359697e-01
1.461461461461461386e+00,-2.566205685545451809e-01
1.466466466466466390e+00,-2.633226954945367959e-01
1.471471471471471393e+00,-4.140883256997315298e-01
1.476476476476476396e+00,-2.772050077569974680e-01
1.481481481481481399e+00,-4.850361243135374312e-01
1.486486486486486402e+00,-5.052365966624037252e-01
1.491491491491491406e+00,-4.306743897980165880e-01
1.496496496496496409e+00,-3.749971689292626031e-01
1.501501501501501412e+00,-4.428400135173580221e-01
1.506506506506506415e+00,-3.946839363328664696e-01
1.511511511511511419e+00,-4.712313076695135994e-01
1.516516516516516422e+00,-4.687128492201558250e-01
1.521521521521521425e+00,-4.252644724068391779e-01
1.526526526526526428e+00,-2.847535266756238137e-01
1.531531531531531432e+00,-1.665123153873006023e-01
1.536536536536536435e+00,-1.397498637528744592e-01
1.541541541541541438e+00,-1.584221406905192142e-01
1.546546546546546441e+00,-9.639383678080704065e-02
1.551551551551551444e+00,6.136783387164142234e-02
1.556556556556556448e+00,1.797456446775013983e-01
1.561561561561561451e+00,2.075541404836720449e-01
1.566566566566566454e+00,2.080031892924665560e-01
1.571571571571571457e+00,2.735157198256246147e-01
1.576576576576576461e+00,2.437030765771183993e-01
1.581581581581581464e+00,4.515536578114994759e-01
1.586586586586586467e+00,4.424072661828057917e-01
1.591591591591591470e+00,3.638690744732778759e-01
1.596596596596596473e+00,4.065745896230024137e-01
1.601601601601601477e+00,4.496024468256917261e-01
1.606606606606606702e+00,4.555280984259089672e-01
1.611611611611611705e+00,4.022905823047732699e-01
1.616616616616616708e+00,3.778970912212279432e-01
1.621621621621621712e+00,3.985076163598049726e-01
1.626626626626626715e+00,4.374062265870283239e-01
1.631631631631631718e+00,2.643748551958079451e-01
1.636636636636636721e+00,1.742679209552505659e-01
1.641641641641641725e+00,9.265429113743858802e-02
1.646646646646646728e+00,3.633021735592092266e-02
1.651651651651651731e+00,-8.491094596165282837e-02
1.656656656656656734e+00,-4.383871983611609818e-02
1.661661661661661737e+00,-2.031264290380912219e-01
1.666666666666666741e+00,-3.153027987193071091e-01
1.671671671671671744e+00,-2.582092710368794619e-01
1.676676676676676747e+00,-3.462651857718927473e-01
1.681681681681681750e+00,-3.840482869160821711e-01
1.686686686686686754e+00,-5.223649481571049913e-01
1.691691691691691757e+00,-3.777941417807207380e-01
1.696696696696696760e+00,-4.374616928747837585e-01
1.701701701701701763e+00,-5.028946232622932833e-01
1.706706706706706766e+00,-4.310209987601070769e-01
1.711711711711711770e+00,-3.777699923662627968e-01
1.716716716716716773e+00,-3.648357957562612941e-01
1.721721721721721776e+00,-3.498461970550915678e-01
1.726726726726726779e+00,-2.507315316048891463e-01
1.731731731731731783e+00,-2.440145297510585010e-01
1.736736736736736786e+00,-1.712782859596021778e-01
1.741741741741741789e+00,-1.365281049270372637e-01
1.746746746746746792e+00,-3.995799338200933803e-02
1.751751751751751796e+00,4.992506326205647244e-02
1.756756756756756799e+00,1.235418178754007501e-01
1.761761761761761802e+00,1.514541055751478238e-01
1.766766766766766805e+00,1.700310326673591388e-01
1.771771771771771808e+00,3.495859145988838845e-01
1.776776776776776812e+00,1.869676051147732276e-01
1.781781781781781815e+00,3.679149454716492684e-01
1.786786786786786818e+00,3.662121727178375141e-01
1.791791791791791821e+00,3.788091511102369968e-01
1.796796796796796825e+00,4.409974564653126317e-01
1.801801801801801828e+00,4.399689111373050743e-01
1.806806806806806831e+00,2.868172601320452819e-01
1.811811811811811834e+00,3.157944654603226931e-01
1.816816816816816837e+00,3.053111082094976392e-01
1.821821821821821841e+00,2.571823436005881147e-01
1.826826826826826844e+00,2.435895127031699192e-01
1.831831831831831847e+00,1.442954883454615200e-01
1.836836836836836850e+00,5.660840290613915193e-02
1.841841841841841854e+00,6.535966209554694428e-02
1.846846846846846857e+00,9.778503359686385732e-02
1.851851851851851860e+00,-3.103046249356364999e-02
1.856856856856856863e+00,-6.951975349482145128e-02
1.861861861861861867e+00,-1.465703759283122909e-01
1.866866866866866870e+00,-2.060184550384396296e-01
1.871871871871871873e+00,-2.005663873218105353e-01
1.876876876876876876e+00,-2.637231098543269536e-01
1.881881881881881879e+00,-2.748299170238901468e-01
1.886886886886886883e+00,-2.575839554214693905e-01
1.891891891891891886e+00,-2.865860886681451114e-01
1.896896896896896889e+00,-3.609294770291424093e-01
1.901901901901901892e+00,-3.752764194090695282e-01
1.906906906906906896e+00,-3.279302770051654714e-01
1.911911911911911899e+00,-3.509972409939784432e-01
1.916916916916916902e+00,-3.244591104548958937e-01
1.921921921921921905e+00,-2.258192226361001587e-01
1.926926926926926908e+00,-2.698857929791623755e-01
1.931931931931931912e+00,-2.552498205613543680e-01
1.936936936936936915e+00,-1.707137426023931925e-01
1.941941941941941918e+00,-1.514571593262286076e-01
1.946946946946946921e+00,-4.762702043606422547e-02
1.951951951951951925e+00,2.339548152680475529e-02
1.956956956956956928e+00,8.485447151409274136e-02
1.961961961961961931e+00,1.251718420547479060e-01
1.966966966966966934e+00,1.649016906057244602e-01
1.971971971971971938e+00,2.541623069910238231e-01
1.976976976976976941e+00,3.593198519412241221e-01
1.981981981981981944e+00,2.863118232485837300e-01
1.986986986986986947e+00,2.976847153803458546e-01
1.991991991991991950e+00,3.985614228777394352e-01
1.996996996996996954e+00,3.228217138973966671e-01
2.002002002002002179e+00,4.141790358691475049e-01
2.007007007007007182e+00,4.311525430879346032e-01
2.012012012012012185e+00,3.325871341737667297e-01
2.017017017017017189e+00,3.834669905468005568e-01
2.022022022022022192e+00,3.573925935222561079e-01
2.027027027027027195e+00,1.781271384987715978e-01
2.032032032032032198e+00,2.230674193386605608e-01
2.037037037037037202e+00,2.344540066376439302e-01
2.042042042042042205e+00,1.028931686993571210e-01
2.047047047047047208e+00,3.823508237276150579e-02
2.052052052052052211e+00,-7.576915581519817755e-02
2.057057057057057214e+00,-9.791701515682210699e-02
2.062062062062062218e+00,-1.010435331075648507e-01
2.067067067067067221e+00,-1.913028982141236067e-01
2.072072072072072224e+00,-2.550336508861086315e-01
2.077077077077077227e+00,-1.665439187757919437e-01
2.082082082082082231e+00,-3.357204040839515957e-01
2.087087087087087234e+00,-3.155622754268152530e-01
2.092092092092092237e+00,-3.552045727333933423e-01
2.097097097097097240e+00,-3.188989064327179546e-01
2.102102102102102243e+00,-2.900984054203064044e-01
2.107107107107107247e+00,-3.474750146875056900e-01
2.112112112112112250e+00,-3.712548889603271562e-01
2.117117117117117253e+00,-2.931742118221468685e-01
2.122122122122122256e+00,-2.986137181076101710e-01
2.127127127127127260e+00,-2.504890802508779601e-01
2.132132132132132263e+00,-1.784181221513783111e-01
2.137137137137137266e+00,-5.887807775043474301e-02
2.142142142142142269e+00,-1.069776526699356967e-01
2.147147147147147273e+00,-4.923588907656985258e-02
2.152152152152152276e+00,-3.593244156807878786e-02
2.157157157157157279e+00,5.918076101862352473e-02
2.162162162162162282e+00,9.828157895727286653e-02
2.167167167167167285e+00,1.502956280636899566e-01
2.172172172172172289e+00,2.541499134891461176e-01
2.177177177177177292e+00,3.738221087686982580e-01
2.182182182182182295e+00,2.541239830749069117e-01
2.187187187187187298e+00,2.767927287457606633e-01
2.192192192192192302e+00,2.998839967276071272e-01
2.197197197197197305e+00,4.050464314995604331e-01
2.202202202202202308e+00,3.057831000802034294e-01
2.207207207207207311e+00,2.858051581574086453e-01
2.212212212212212314e+00,2.883162266699860199e-01
2.217217217217217318e+00,3.604104075336879154e-01
2.222222222222222321e+00,2.136463024398606581e-01
2.227227227227227324e+00,1.231620206153952457e-01
2.232232232232232327e+00,2.135420417587765851e-01
2.237237237237237331e+00,2.390101509077240394e-01
2.242242242242242334e+00,4.664992051882189267e-02
2.247247247247247337e+00,9.809895252328428017e-03
2.252252252252252340e+00,-4.150614798513434928e-02
2.257257257257257343e+00,-1.401340823320704199e-03
2.262262262262262347e+00,-1.262370959246401914e-02
2.267267267267267350e+00,-2.075591401122358071e-01
2.272272272272272353e+00,-1.637935587250068659e-01
2.277277277277277356e+00,-1.465830803395909987e-01
2.282282282282282360e+00,-3.070400378800842711e-01
2.287287287287287363e+00,-3.578475623134112493e-01
2.292292292292292366e+00,-3.035039464020883315e-01
2.297297297297297369e+00,-4.033039359265753743e-01
2.302302302302302373e+00,-3.676547919419873578e-01
2.307307307307307376e+00,-2.728906309592514234e-01
2.312312312312312379e+00,-2.661941425069812572e-01
2.317317317317317382e+00,-2.647975896957160957e-01
2.322322322322322385e+00,-3.339950929163298388e-01
2.327327327327327389e+00,-2.377372516745976938e-01
2.332332332332332392e+00,-1.703063722659428902e-01
2.337337337337337395e+00,-7.515606157385998354e-02
2.342342342342342398e+00,-3.930389894930117617e-02
2.347347347347347402e+00,-6.427219954697357268e-03
2.352352352352352405e+00,2.498764979870161940e-02
2.357357357357357408e+00,-1.890369749959042167e-03
2.362362362362362411e+00,1.170726367422586928e-01
2.367367367367367414e+00,9.143325298845760007e-02
2.372372372372372418e+00,2.497445025926005591e-01
2.377377377377377421e+00,1.349327357977295194e-01
2.382382382382382424e+00,2.226673410130943775e-01
2.387387387387387427e+00,3.679396801205760958e-01
2.392392392392392431e+00,2.938371070934982510e-01
2.397397397397397434e+00,2.302520186665572566e-01
2.402402402402402437e+00,2.524055268150381948e-01
2.407407407407407440e+00,3.281617763381713959e-01
2.412412412412412444e+00,2.837042736172832869e-01
2.417417417417417447e+00,1.714365166580751887e-01
2.422422422422422450e+00,1.529814039689794403e-01
2.427427427427427453e+00,2.590508116178830700e-01
2.432432432432432456e+00,9.341406898739586240e-02
2.437437437437437460e+00,1.439339778774167133e-01
2.442442442442442463e+00,1.445757789758861933e-01
2.447447447447447466e+00,-1.080499233628070682e-01
2.452452452452452469e+00,-4.946715739063444611e-02
2.457457457457457473e+00,-3.432073572164354158e-02
2.462462462462462476e+00,-1.285683333450785837e-01
2.467467467467467479e+00,-1.656969268127809203e-01
2.472472472472472482e+00,-1.789786598999813794e-01
2.477477477477477485e+00,-2.569108148569647088e-01
2.482482482482482489e+00,-2.109824774827447624e-01
2.487487487487487492e+00,-2.293435898489968316e-01
2.492492492492492495e+00,-2.384874516666213862e-01
2.497497497497497498e+00,-2.290632626635408231e-01
2.502502502502502502e+00,-3.250909283135872130e-01
2.507507507507507505e+00,-2.524853105669986886e-01
2.512512512512512508e+00,-2.988561584582907216e-01
2.517517517517517511e+00,-2.403991431812260715e-01
2.522522522522522515e+00,-2.095405596623540478e-01
2.527527527527527518e+00,-1.674761762161572631e-01
2.532532532532532521e+00,-1.751365628014578124e-01
2.537537537537537524e+00,-1.074532213994007224e-01
2.542542542542542527e+00,-1.613728265118992700e-01
2.547547547547547531e+00,-7.573863239648385981e-02
2.552552552552552534e+00,1.279719909222225005e-01
2.557557557557557537e+00,9.473356623656109532e-02
2.562562562562562540e+00,1.011955944956583614e-01
2.567567567567567544e+00,5.242732135171956909e-02
2.572572572572572547e+00,2.079626535608242455e-01
2.577577577577577550e+00,1.747096792056563597e-01
2.582582582582582553e+00,2.001033830169214323e-01
2.587587587587587556e+00,2.387633911615880400e-01
2.592592592592592560e+00,3.660685321950704063e-01
2.597597597597597563e+00,2.431295554864408015e-01
2.602602602602602566e+00,2.507870474489125034e-01
2.607607607607607569e+00,2.675576790230372870e-01
2.612612612612612573e+00,2.741952971674150863e-01
2.617617617617617576e+00,2.471060887166945941e-01
2.622622622622622579e+00,1.714923680799516070e-01
2.627627627627627582e+00,1.626063596899893215e-01
2.632632632632632586e+00,1.066656840579177368e-01
2.637637637637637589e+00,1.284447147435483216e-01
2.642642642642642592e+00,-1.959144874239156231e-02
2.647647647647647595e+00,6.792596616057755554e-02
2.652652652652652598e+00,-2.082427782200339111e-02
2.657657657657657602e+00,-1.282518272934141668e-01
2.662662662662662605e+00,-1.060768238252849521e-01
2.667667667667667608e+00,-1.520582423631222091e-01
2.672672672672672611e+00,-1.174200696823470835e-01
2.677677677677677615e+00,-1.336973380652300147e-01
2.682682682682682618e+00,-2.164029256710147675e-01
2.687687687687687621e+00,-2.741543163600405064e-01
2.692692692692692624e+00,-2.262498244212634291e-01
2.697697697697697627e+00,-3.105415669622960673e-01
2.702702702702702631e+00,-2.701672539524562766e-01
2.707707707707707634e+00,-2.030924974771205482e-01
2.712712712712712637e+00,-1.406592603897274807e-01
2.717717717717717640e+00,-1.297247787858711310e-01
2.722722722722722644e+00,-1.934351499488509984e-01
2.727727727727727647e+00,-1.661931642337839687e-01
2.732732732732732650e+00,-8.770143506756802876e-02
2.737737737737737653e+00,-5.280418818903710038e-02
2.742742742742742657e+00,-4.409308311149839205e-02
2.747747747747747660e+00,-7.102674087709752448e-02
2.752752752752752663e+00,2.054788365154686797e-02
2.757757757757757666e+00,1.394237374972087107e-01
2.762762762762762669e+00,1.207870213380709268e-01
2.767767767767767673e+00,2.067124199683600394e-01
2.772772772772772676e+00,2.215208285226647478e-01
2.777777777777777679e+00,2.668839282724719819e-01
2.782782782782782682e+00,1.700908519463017188e-01
2.787787787787787686e+00,1.698209685647795175e-01
2.792792792792792689e+00,2.471470309880137994e-01
2.797797797797797692e+00,3.124990189696032483e-01
2.802802802802802695e+00,2.959949551033057014e-01
2.807807807807807698e+00,2.336124833035152781e-01
2.812812812812812702e+00,2.185096612676813432e-01
2.817817817817817705e+00,2.220375047298077109e-01
2.822822822822822708e+00,1.512884600212657804e-01
2.827827827827827711e+00,1.270966933237880903e-01
2.832832832832832715e+00,1.146779747427813662e-01
2.837837837837837718e+00,2.454720694179075846e-02
2.842842842842842721e+00,8.059700928750260229e-03
2.847847847847847724e+00,6.261041141001567889e-02
2.852852852852852727e+00,-1.136117385097770993e-01
2.857857857857857731e+00,-7.111834957472534802e-02
2.862862862862862734e+00,-7.299454533889755681e-02
2.867867867867867737e+00,-2.127928128616517756e-01
2.872872872872872740e+00,-1.936219042270199142e-01
2.877877877877877744e+00,-1.785168802233934038e-01
2.882882882882882747e+00,-2.485197445878790656e-01
2.887887887887887750e+00,-2.718067165568112120e-01
2.892892892892892753e+00,-2.774990145133187092e-01
2.897897897897897757e+00,-2.087666793784224151e-01
2.902902902902902760e+00,-1.923084249074996366e-01
2.907907907907907763e+00,-2.004569612343164720e-01
2.912912912912912766e+00,-3.246081214268101145e-01
2.917917917917917769e+00,-2.888077386082609221e-01
2.922922922922922773e+00,-1.894189437282984279e-01
2.927927927927927776e+00,-1.061659734182168469e-01
2.932932932932932779e+00,-1.016533084447459878e-01
2.937937937937937782e+00,-1.524176838717530846e-01
2.942942942942942786e+00,-1.155701390732191691e-02
2.947947947947947789e+00,1.776051381167931265e-03
2.952952952952952792e+00,-1.419001910273071793e-02
2.957957957957957795e+00,7.440675109879663074e-02
2.962962962962962798e+00,1.217654284649988400e-01
2.967967967967967802e+00,8.775879096208780150e-02
2.972972972972972805e+00,1.264232457794209064e-01
2.977977977977977808e+00,1.633876997245071461e-01
2.982982982982982811e+00,2.143710637674340891e-01
2.987987987987987815e+00,1.798279560312643910e-01
2.992992992992992818e+00,8.112280184034534325e-02
2.997997997997997821e+00,2.333351090522684246e-01
3.003003003003002824e+00,2.236162536874140294e-01
3.008008008008007828e+00,1.788849879754311756e-01
3.013013013013012831e+00,2.574302199376720113e-01
3.018018018018017834e+00,2.872548154642026730e-01
3.023023023023022837e+00,7.633246039738167399e-02
3.028028028028027840e+00,1.464440310749505758e-01
3.033033033033032844e+00,9.340437601600654061e-02
3.038038038038037847e+00,2.038723029753100602e-02
3.043043043043042850e+00,7.666750733731027279e-03
3.048048048048047853e+00,-1.751283223131342576e-02
3.053053053053052857e+00,-1.718307533562937750e-02
3.058058058058057860e+00,-1.837287617168583687e-01
3.063063063063062863e+00,-7.213030419514625258e-02
3.068068068068067866e+00,-1.020299035836677998e-01
3.073073073073072869e+00,-1.014437349739630012e-01
3.078078078078077873e+00,-1.588770873268392225e-01
3.083083083083082876e+00,-1.812465867850489021e-01
3.088088088088087879e+00,-1.651372570863238742e-01
3.093093093093092882e+00,-2.129242842058797769e-01
3.098098098098097886e+00,-1.630556745140416819e-01
3.103103103103102889e+00,-2.096367894368080242e-01
3.108108108108107892e+00,-1.009183771384235956e-01
3.113113113113112895e+00,-1.556019189580201967e-01
3.118118118118117899e+00,-1.652395142921745941e-01
3.123123123123122902e+00,-1.554513767687260017e-01
3.128128128128127905e+00,-1.428742177444138894e-01
3.133133133133132908e+00,-1.119609305227569629e-01
3.138138138138137911e+00,-1.329177926971923940e-01
3.143143143143142915e+00,-3.935696393318277586e-02
3.148148148148147918e+00,2.906487146321794224e-02
3.153153153153152921e+00,-2.370136746567241132e-02
3.158158158158157924e+00,1.318411195025334937e-01
3.163163163163162928e+00,8.239252637134164559e-02
3.168168168168167931e+00,9.172234184679325941e-02
3.173173173173172934e+00,1.084169935025206810e-01
3.178178178178177937e+00,1.347620612083490488e-01
3.183183183183182940e+00,1.711847931432581849e-01
3.188188188188187944e+00,2.313559848548790987e-01
3.193193193193192947e+00,2.237518965516583636e-01
3.198198198198197950e+00,2.546250052882751969e-01
3.203203203203202953e+00,2.548024928851860826e-01
3.208208208208208401e+00,1.499177042760377887e-01
3.213213213213213404e+00,1.735585744994475044e-01
3.218218218218218407e+00,1.780139045836323930e-01
3.223223223223223410e+00,6.496682383734049548e-02
3.228228228228228414e+00,1.132372134755210286e-01
3.233233233233233417e+00,1.193407589804864610e-01
3.238238238238238420e+00,1.612226191368955064e-01
3.243243243243243423e+00,7.899925828718912246e-02
3.248248248248248427e+00,-2.243352703955299107e-03
3.253253253253253430e+00,-1.312070976846050480e-02
3.258258258258258433e+00,-2.641613381607578123e-02
3.263263263263263436e+00,-1.441326447140224010e-01
3.268268268268268439e+00,-4.175467896972526183e-02
3.273273273273273443e+00,-1.671249527274167868e-01
3.278278278278278446e+00,-1.019399714879210272e-01
3.283283283283283449e+00,-1.692409700550348006e-01
3.288288288288288452e+00,-1.929467075186905856e-01
3.293293293293293456e+00,-1.765675361429447643e-01
3.298298298298298459e+00,-1.796550331218252361e-01
3.303303303303303462e+00,-1.954568384553499738e-01
3.308308308308308465e+00,-2.070466347363696669e-01
3.313313313313313468e+00,-1.946018294062406562e-01
3.318318318318318472e+00,-2.373374166585880407e-01
3.323323323323323475e+00,-1.152253610222200297e-01
3.328328328328328478e+00,-1.186459523587502923e-01
3.333333333333333481e+00,-9.141399521876220069e-02
3.338338338338338485e+00,-5.680424696338452067e-02
3.343343343343343488e+00,-2.899431982132513741e-02
3.348348348348348491e+00,3.644370098847499184e-02
3.353353353353353494e+00,5.882020548159018133e-03
3.358358358358358497e+00,-1.603669128029702740e-02
3.363363363363363501e+00,5.564653662998028660e-02
3.368368368368368504e+00,5.523264570254134836e-02
3.373373373373373507e+00,1.624173617079560927e-01
3.378378378378378510e+00,1.293024991949120461e-01
3.383383383383383514e+00,1.604900853246317982e-01
3.388388388388388517e+00,2.439262240155782857e-01
3.393393393393393520e+00,1.693055203264423880e-01
3.398398398398398523e+00,1.868258045113166121e-01
3.403403403403403527e+00,1.088464989166945673e-01
3.408408408408408530e+00,2.035908562587169235e-01
3.413413413413413533e+00,1.577970055907503277e-01
3.418418418418418536e+00,1.160838104104661428e-01
3.423423423423423539e+00,1.668958131268205580e-01
3.428428428428428543e+00,1.905031483504240064e-01
3.433433433433433546e+00,8.999345227600757946e-02
3.438438438438438549e+00,6.654395307942871651e-02
3.443443443443443552e+00,9.558089965236835073e-02
3.448448448448448556e+00,2.363493600059646434e-03
3.453453453453453559e+00,4.194215771382359820e-02
3.458458458458458562e+00,1.069369085990447971e-02
3.463463463463463565e+00,-6.078120090579379464e-02
3.468468468468468568e+00,-1.823097459746608751e-01
3.473473473473473572e+00,-2.051557936126789661e-02
3.478478478478478575e+00,-1.139711820011844040e-01
3.483483483483483578e+00,-8.139826699262400767e-02
3.488488488488488581e+00,-1.950691476508425726e-01
3.493493493493493585e+00,-1.646754172953747430e-01
3.498498498498498588e+00,-1.135542172043987330e-01
3.503503503503503591e+00,-1.216697703140428577e-01
3.508508508508508594e+00,-1.338943428963301763e-01
3.513513513513513598e+00,-2.078929332786759177e-01
3.518518518518518601e+00,-1.798112165569658583e-01
3.523523523523523604e+00,-1.373811218089478481e-01
3.528528528528528607e+00,-9.719029503820487970e-02
3.533533533533533610e+00,-1.591497262628520093e-01
3.538538538538538614e+00,-2.964568516438954859e-03
3.543543543543543617e+00,-8.313104767088402847e-02
3.548548548548548620e+00,-5.150666997885643833e-02
3.553553553553553623e+00,2.785835877081446754e-02
3.558558558558558627e+00,9.539093717739766110e-02
3.563563563563563630e+00,3.620949982739970346e-02
3.568568568568568633e+00,1.180063002592641325e-01
3.573573573573573636e+00,2.184852910320556063e-01
3.578578578578578639e+00,1.241772391511091200e-01
3.583583583583583643e+00,1.148915736628655926e-01
3.588588588588588646e+00,1.310487947213445636e-01
3.593593593593593649e+00,1.824352709198637235e-01
3.598598598598598652e+00,1.193835457137370215e-01
3.603603603603603656e+00,1.125765691634124377e-01
3.608608608608608659e+00,1.071314186234453847e-01
3.613613613613613662e+00,1.060504384682008638e-01
3.618618618618618665e+00,2.030430632655835788e-01
3.623623623623623669e+00,5.958030668103084238e-02
3.628628628628628672e+00,1.074700099387315977e-01
3.633633633633633675e+00,6.329918532422236510e-02
3.638638638638638678e+00,-3.302794683389563557e-02
3.643643643643643681e+00,3.474325633149340925e-02
3.648648648648648685e+00,4.699733770567568469e-02
3.653653653653653688e+00,-1.866919962451469434e-02
3.658658658658658691e+00,-8.162912775932917864e-02
3.663663663663663694e+00,-7.217574958298626775e-02
3.668668668668668698e+00,-4.013060770263926491e-02
3.673673673673673701e+00,-1.307110341260577790e-01
3.678678678678678704e+00,-1.211998281533299832e-01
3.683683683683683707e+00,-9.985268414237080670e-02
3.688688688688688710e+00,-2.315439772062582724e-01
3.693693693693693714e+00,-1.630578174986297424e-01
3.698698698698698717e+00,-1.154595374780491290e-01
3.703703703703703720e+00,-9.448898924328216764e-02
3.708708708708708723e+00,-1.861818006824223215e-01
3.713713713713713727e+00,-2.324103642309132967e-01
3.718718718718718730e+00,-1.978064086992943893e-01
3.723723723723723733e+00,-1.614838513636200623e-01
3.728728728728728736e+00,3.207528408460971758e-02
3.733733733733733740e+00,-8.301806907903143407e-02
3.738738738738738743e+00,-7.699524315924796691e-02
3.743743743743743746e+00,-1.001400918867762918e-01
3.748748748748748749e+00,-2.975380579439492953e-02
3.753753753753753752e+00,3.289010645239440200e-02
3.758758758758758756e+00,1.432218483763832984e-01
3.763763763763763759e+00,5.697969851926951157e-02
3.768768768768768762e+00,1.693419957047586633e-01
3.773773773773773765e+00,1.714783531529825433e-01
3.778778778778778769e+00,1.570004278339216242e-01
3.783783783783783772e+00,1.931474506321802509e-01
3.788788788788788775e+00,2.182548607176639233e-01
3.793793793793793778e+00,1.027843317756976932e-01
3.798798798798798781e+00,1.521876081247789392e-01
3.803803803803803785e+00,2.209886093021614650e-01
3.808808808808808788e+00,1.977082806167657913e-01
3.813813813813813791e+00,1.088062047380867897e-01
3.818818818818818794e+00,1.049618448383766861e-01
3.823823823823823798e+00,1.622776065418191360e-01
3.828828828828828801e+00,9.738586857284070586e-03
3.833833833833833804e+00,1.477828753690695329e-01
3.838838838838838807e+00,8.001612650326925258e-02
3.843843843843843811e+00,4.952997555584592870e-02
3.848848848848848814e+00,-1.226223918175444044e-01
3.853853853853853817e+00,-3.130945083693408709e-02
3.858858858858858820e+00,-1.040281307412710687e-01
3.863863863863863823e+00,-7.942434187676705726e-02
3.868868868868868827e+00,-1.434018001422805444e-01
3.873873873873873830e+00,-1.413224691795615939e-01
3.878878878878878833e+00,-1.028233337538387304e-01
3.883883883883883836e+00,-1.494295043982757365e-01
3.888888888888888840e+00,-1.322100252931163455e-01
3.893893893893893843e+00,-1.927512842672279847e-01
3.898898898898898846e+00,-1.712973756114249402e-01
3.903903903903903849e+00,-1.091728735582363774e-01
3.908908908908908852e+00,-2.350223536620517084e-01
3.913913913913913856e+00,-5.983834582914494826e-02
3.918918918918918859e+00,-1.224901361763383600e-03
3.923923923923923862e+00,-1.139599453615482705e-01
3.928928928928928865e+00,-2.821563701383487943e-02
3.933933933933933869e+00,-1.596483566483597460e-01
3.938938938938938872e+00,-1.461697085915459465e-02
3.943943943943943875e+00,7.767206919724634062e-02
3.948948948948948878e+00,-3.137340510261508141e-03
3.953953953953953881e+00,-4.922397149855490400e-02
3.958958958958958885e+00,9.622637218747460974e-02
3.963963963963963888e+00,-4.508550041253554103e-02
3.968968968968968891e+00,1.059041896317909071e-01
3.973973973973973894e+00,9.428973390288340750e-02
3.978978978978978898e+00,1.472677738457759122e-01
3.983983983983983901e+00,5.047360941887661656e-02
3.988988988988988904e+00,1.383509050372740135e-01
3.993993993993993907e+00,1.361471720814377284e-01
3.998998998998998911e+00,1.683660134042500589e-01
4.004004004004004358e+00,1.381883560642464259e-01
4.009009009009009361e+00,2.285654774064524719e-01
4.014014014014014364e+00,1.418500566875294522e-01
4.019019019019019368e+00,3.135374964994984415e-02
4.024024024024024371e+00,6.231294233728958132e-02
4.029029029029029374e+00,3.039248427549751108e-02
4.034034034034034377e+00,9.781606165434300615e-02
4.039039039039039380e+00,2.982501251975797768e-02
4.044044044044044384e+00,2.350098996598749823e-03
4.049049049049049387e+00,-3.450292919594861313e-02
4.054054054054054390e+00,-3.914755357446134815e-02
4.059059059059059393e+00,1.697059008944146880e-02
4.064064064064064397e+00,-6.368458283935603259e-02
4.069069069069069400e+00,-1.695881626043642398e-01
4.074074074074074403e+00,-9.395812323732279092e-02
4.079079079079079406e+00,-9.251557537282169286e-02
4.084084084084084409e+00,-1.003471487939504581e-01
4.089089089089089413e+00,-1.455576546821701067e-01
4.094094094094094416e+00,-1.661215797448641895e-01
4.099099099099099419e+00,-7.006472375288756715e-02
4.104104104104104422e+00,-2.142918805714073560e-01
4.109109109109109426e+00,-1.999337983288019815e-01
4.114114114114114429e+00,-6.645053109148174597e-02
4.119119119119119432e+00,-8.597701248243275196e-02
4.124124124124124435e+00,-8.402355648010252642e-02
4.129129129129129439e+00,-1.007532359553432733e-01
4.134134134134134442e+00,-7.569282401423237105e-02
4.139139139139139445e+00,-1.850717042501963394e-02
4.144144144144144448e+00,-1.000190961496307505e-02
4.149149149149149451e+00,-4.623564040365421568e-02
4.154154154154154455e+00,-2.918195484140965329e-03
4.159159159159159458e+00,1.912417008669273569e-02
4.164164164164164461e+00,2.967812002819513947e-02
4.169169169169169464e+00,8.703300910921539513e-02
4.174174174174174468e+00,-2.934350348529012054e-02
4.179179179179179471e+00,3.892780307823360403e-02
4.184184184184184474e+00,-9.236777542042842737e-03
4.189189189189189477e+00,3.982481947651152210e-02
4.194194194194194480e+00,8.599428771571496211e-02
4.199199199199199484e+00,1.006533252865603884e-01
4.204204204204204487e+00,1.194725454647762447e-01
4.209209209209209490e+00,1.696092491540821812e-01
4.214214214214214493e+00,1.240637511549974314e-01
4.219219219219219497e+00,1.122668445560213724e-01
4.224224224224224500e+00,1.260449665517544837e-01
4.229229229229229503e+00,1.253498087624604351e-01
4.234234234234234506e+00,3.455385220217710440e-02
4.239239239239239510e+00,8.620149631381837652e-02
4.244244244244244513e+00,-4.940062741630470849e-03
4.249249249249249516e+00,-1.055455576373670774e-02
4.254254254254254519e+00,-8.231347923919460352e-02
4.259259259259259522e+00,-3.146558153707759015e-02
4.264264264264264526e+00,-8.847650617189800615e-02
4.269269269269269529e+00,-1.503602800851946975e-03
4.274274274274274532e+00,-1.117702587859220054e-01
4.279279279279279535e+00,-9.986171920034581095e-02
4.284284284284284539e+00,-1.298215793332645474e-01
4.289289289289289542e+00,-1.333217303887320460e-01
4.294294294294294545e+00,-2.283481047129655161e-01
4.299299299299299548e+00,-1.667145668782726020e-01
4.304304304304304551e+00,-1.571464278143321625e-01
4.309309309309309555e+00,-5.088612707035183175e-02
4.314314314314314558e+00,-1.010054869322251636e-01
4.319319319319319561e+00,-1.295270132062793234e-01
4.324324324324324564e+00,-7.838281920822656734e-02
4.329329329329329568e+00,-9.162994592201964550e-02
4.334334334334334571e+00,-4.773987741351438246e-02
4.339339339339339574e+00,-1.000365896060529253e-01
4.344344344344344577e+00,6.234540941273021553e-03
4.349349349349349581e+00,-1.293629451686633194e-02
4.354354354354354584e+00,-1.288594563100648252e-02
4.359359359359359587e+00,1.192224878144469563e-01
4.364364364364364590e+00,1.119035378719657747e-01
4.369369369369369593e+00,3.821651938010044852e-02
4.374374374374374597e+00,6.550722914896017768e-02
4.379379379379379600e+00,4.758806152275811552e-02
4.384384384384384603e+00,1.006974476751751613e-01
4.389389389389389606e+00,8.600611555879006387e-02
4.394394394394394610e+00,1.844953748030104257e-01
4.399399399399399613e+00,8.265982094372038846e-02
4.404404404404404616e+00,8.210181299002025646e-02
4.409409409409409619e+00,-7.972486671461956331e-03
4.414414414414414622e+00,8.235347076498786278e-02
4.419419419419419626e+00,1.330753837338989332e-01
4.424424424424424629e+00,-2.075479539912704341e-02
4.429429429429429632e+00,1.533926318844498760e-02
4.434434434434434635e+00,1.112968034699208381e-01
4.439439439439439639e+00,1.031671320872592362e-02
4.444444444444444642e+00,7.559284171530807062e-02
4.449449449449449645e+00,-6.814814425548590404e-02
4.454454454454454648e+00,-1.371413166924939815e-02
4.459459459459459651e+00,2.837412483260904478e-02
4.464464464464464655e+00,-1.251000921241783859e-01
4.469469469469469658e+00,-1.277517914657184256e-02
4.474474474474474661e+00,-1.232796282353979256e-01
4.479479479479479664e+00,-4.969724329596011264e-02
4.484484484484484668e+00,-9.616584886747403527e-02
4.489489489489489671e+00,-1.569250203772900309e-01
4.494494494494494674e+00,1.611196796238008322e-02
4.499499499499499677e+00,-1.228261333782667275e-01
4.504504504504504681e+00,-1.340389877351946257e-01
4.509509509509509684e+00,-1.345654554219204990e-01
4.514514514514514687e+00,-6.631816575976887118e-02
4.519519519519519690e+00,-3.832329029524737807e-02
4.524524524524524693e+00,-1.108120588400763051e-01
4.529529529529529697e+00,-6.885355027029127495e-02
4.534534534534534700e+00,-5.598458913652726299e-02
4.539539539539539703e+00,-1.660711242726133907e-01
4.544544544544544706e+00,-6.174827022278828875e-03
4.549549549549549710e+00,3.719707713383076098e-02
4.554554554554554713e+00,4.723646033253661725e-02
4.559559559559559716e+00,-1.512295504449364184e-02
4.564564564564564719e+00,8.087332542892115839e-03
4.569569569569569722e+00,7.230683629650387634e-02
4.574574574574574726e+00,9.469150166044656980e-02
4.579579579579579729e+00,6.579072408645468550e-02
4.584584584584584732e+00,9.049424987240835272e-02
4.589589589589589735e+00,1.496459204353882133e-01
4.594594594594594739e+00,1.399310464185854475e-01
4.599599599599599742e+00,6.721238661213990717e-02
4.604604604604604745e+00,1.812965722060232709e-01
4.609609609609609748e+00,4.744156598762075405e-02
4.614614614614614752e+00,6.600621077181356711e-02
4.619619619619619755e+00,1.461768753582518843e-01
4.624624624624624758e+00,1.171608562515835950e-01
4.629629629629629761e+00,9.510683861334967570e-03
4.634634634634634764e+00,-2.160959046621976909e-02
4.639639639639639768e+00,6.244834309329496541e-02
4.644644644644644771e+00,-3.310689999905903902e-02
4.649649649649649774e+00,2.944865389463303604e-02
4.654654654654654777e+00,-1.246127927577569128e-01
4.659659659659659781e+00,4.211150020009384043e-02
4.664664664664664784e+00,-8.269879908230219623e-02
4.669669669669669787e+00,-1.615072839610185440e-01
4.674674674674674790e+00,-1.204351086577882674e-01
4.679679679679679793e+00,2.111960819999558758e-02
4.684684684684684797e+00,-4.733226358422863711e-02
4.689689689689689800e+00,-8.975050426746034038e-02
4.694694694694694803e+00,-4.884543986348569011e-02
4.699699699699699806e+00,-3.861975386783200737e-02
4.704704704704704810e+00,-2.826768450601714611e-02
4.709709709709709813e+00,-1.077904561992392291e-01
4.714714714714714816e+00,-6.724386562688938751e-02
4.719719719719719819e+00,-1.071995211926219937e-01
4.724724724724724823e+00,2.621530099251542789e-02
4.729729729729729826e+00,-1.055579419252572759e-01
4.734734734734734829e+00,-3.328347665977539338e-03
4.739739739739739832e+00,-1.502857245507803821e-02
4.744744744744744835e+00,5.937881709116091256e-02
4.749749749749749839e+00,-6.931671001351713546e-02
4.754754754754754842e+00,1.156848522892910125e-02
4.759759759759759845e+00,5.110665175217521394e-02
4.764764764764764848e+00,1.592180201857725658e-02
4.769769769769769852e+00,6.566678327259697912e-03
4.774774774774774855e+00,8.251377439865376084e-02
4.779779779779779858e+00,8.081894214420706768e-02
4.784784784784784861e+00,1.306817547334933050e-01
4.789789789789789864e+00,9.531634762262627958e-02
4.794794794794794868e+00,1.435619730215166867e-01
4.799799799799799871e+00,1.457418292131108517e-01
4.804804804804804874e+00,1.255950986321813234e-01
4.809809809809809877e+00,6.394704177287957592e-02
4.814814814814814881e+00,-4.502065897637243241e-02
4.819819819819819884e+00,7.408318055187103346e-02
4.824824824824824887e+00,-1.222539463543149962e-02
4.829829829829829890e+00,-4.214537587581296263e-02
4.834834834834834894e+00,4.260945905092189401e-02
4.839839839839839897e+00,8.373827474871528564e-02
4.844844844844844900e+00,-3.432195463383146128e-02
4.849849849849849903e+00,4.288425809406089251e-03
4.854854854854854906e+00,-4.233995588623473694e-02
4.859859859859859910e+00,-6.557080450385376069e-02
4.864864864864864913e+00,-3.103140921214068981e-02
4.869869869869869916e+00,-8.070106895018203108e-02
4.874874874874874919e+00,-3.245557767870008159e-02
4.879879879879879923e+00,-5.801237200043281306e-02
4.884884884884884926e+00,-2.712490850675750020e-03
4.889889889889889929e+00,-5.571717127468289732e-03
4.894894894894894932e+00,-7.734606269147975555e-02
4.899899899899899935e+00,-8.911844434819347904e-02
4.904904904904904939e+00,-1.227409989864488848e-01
4.909909909909909942e+00,-1.293084521763522288e-01
4.914914914914914945e+00,-1.767928053293606194e-02
4.919919919919919948e+00,-1.629802157703137411e-01
4.924924924924924952e+00,-4.765561163122931931e-02
4.929929929929929955e+00,-1.254392527619221237e-02
4.934934934934934958e+00,-2.861505509930092200e-02
4.939939939939939961e+00,-5.497991565632137645e-02
4.944944944944944965e+00,7.438976901803391606e-02
4.949949949949949968e+00,4.535148201875006946e-02
4.954954954954954971e+00,2.936855982617705974e-02
4.959959959959959974e+00,-2.680258010318829764e-02
4.964964964964964977e+00,1.202941740704682738e-01
4.969969969969969981e+00,5.732837836351320493e-02
4.974974974974974984e+00,8.146382598287249532e-02
4.979979979979979987e+00,1.337164970919658968e-02
4.984984984984984990e+00,8.196067924698170748e-02
4.989989989989989994e+00,7.816706461388701899e-02
4.994994994994994997e+00,7.913630544266989086e-02
5.000000000000000000e+00,1.245732710005790222e-01
